chave,valor
m07a_ex38_b1,5825.76953191
m07a_ex38_se1,2402.26448739
m07a_ex38_t1,2.42511578658
m07a_ex38_p1,0.0357475380008
m07a_ex38_b2,2.63474459378
m07a_ex38_se2,0.978854296535
m07a_ex38_t2,2.69166167335
m07a_ex38_p2,0.0226350425096
m07a_ex38_b3,-792.036420409
m07a_ex38_se3,193.830116144
m07a_ex38_t3,-4.08624024051
m07a_ex38_p3,0.00219234406923
m07a_ex38_b4,59.9097708534
m07a_ex38_se4,153.981106463
m07a_ex38_t4,0.389072219505
m07a_ex38_p4,0.705378940081
m07a_ex38_b5,-813.694226206
m07a_ex38_se5,275.660826514
m07a_ex38_t5,-2.95179491587
m07a_ex38_p5,0.0144900925067
m07a_ex38_b6,4.05989909178
m07a_ex38_se6,2.91936245408
m07a_ex38_t6, 1.3906800391
m07a_ex38_p6,0.194491803762
m07a_ex38_r2,0.825276810101
m07a_ex38_r2adj,0.737915215151
m07a_ex38_s,623.111251518
m07a_ex38_ssr,3882676.31769
m07a_ex38_F,9.44667746254
m07a_ex38_pF,0.00150901071602
m07a_ex38_ybar,     7543.125
m07a_ex38_ysd,1217.15164079
m07a_ex38_n,           16
m07a_ex38_tcrit10,1.81246112281
m07a_ex38_Fcrit10,2.52164068621
m07a_ex38r_b1,11415.1354801
m07a_ex38r_p1,0.000584192149976
m07a_ex38r_b2,2.46182853239
m07a_ex38r_p2,0.00416251812049
m07a_ex38r_b3,-566.262277105
m07a_ex38r_p3,0.0242497185276
m07a_ex38r_b5,-1062.16919348
m07a_ex38r_p5,0.00685187060211
m07a_ex38r_r2,0.601314190406
m07a_ex38r_r2adj,0.501642738008
m07a_ex38r_ssr,8859544.92934
m07a_ex38r_F,6.03296305949
m07a_ex38r_pF,0.00954881420746
m07a_ex38_Fconj,6.40906967828
m07a_ex38_pFconj,0.0161658617056
m07a_ex38_Fcrit10_2_10,2.92446596231
m07a_ex38_elast1,0.550619923503
m07a_ex38_elast2,-0.670694524533
m07a_ex38_elast3,0.075054746483
m07a_ex38_elast4,-0.420027759488
m07a_ex38_elast5,0.692719231314
m07a_ex38_x2_pct_media,-10.5001099731
m07a_ex39f_ncol_dup,            7
m07a_ex39f_posto_dup,            6
m07a_ex39_reset_F,0.131100962276
m07a_ex39_reset_p,0.878975417084
m07a_ex39_reset_Fcrit10,3.11311764016
m07a_ex39_reset2_F,0.290807300834
m07a_ex39_reset2_p,0.602786650944
m07a_ex39_reset_LR, 0.5159933944
m07a_ex39_reset_pLR,0.772597783839
m07a_ex39_reset_r2aux,0.830821670548
m07a_ex39_reset_g2,0.000193473218669
m07a_ex39_reset_ssru,3759459.13997
m07a_ex39_r_y_x1,0.497217825669
m07a_ex39_r_x1_x3,-0.762643312796
m07a_ex39_r_x2_x4,-0.808854450482
m07a_ex39_r_x3_x4,-0.799715854728
m07a_ex39_r_x3_x5,0.81683678391
m07a_ex39_r_x2_x5,0.726571368304
m07a_ex39_det_rxx,0.00538296579512
m07a_ex39_kappa,65.8700522501
m07a_ex39_aux_r2_1,0.831509751069
m07a_ex39_aux_F_1,13.5714192954
m07a_ex39_aux_p_1,0.000310651853701
m07a_ex39_fiv_1,5.93506156197
m07a_ex39_aux_r2_2,0.767018405309
m07a_ex39_aux_F_2, 9.0535074987
m07a_ex39_aux_p_2,0.00172911145059
m07a_ex39_fiv_2,4.29218454498
m07a_ex39_aux_r2_3,0.944774160897
m07a_ex39_aux_F_3,47.0455313067
m07a_ex39_aux_p_3,7.48018368449e-07
m07a_ex39_fiv_3,18.1074659297
m07a_ex39_aux_r2_4,0.795858607109
m07a_ex39_aux_F_4, 10.721055336
m07a_ex39_aux_p_4,0.000861348495736
m07a_ex39_fiv_4,4.89856557671
m07a_ex39_aux_r2_5,0.894259452951
m07a_ex39_aux_F_5,23.2570528926
m07a_ex39_aux_p_5,2.54410385208e-05
m07a_ex39_fiv_5,9.45711014276
m07a_ex39_aux_Fcrit10,2.53618823221
m07a_ex39_aux_Fcrit05,3.35669002113
m07a_ex39k_F,13.5714192954
m07a_ex39k_p,0.000310651853701
m07a_ex39k_F_glchave,19.7402462479
m07a_ex39k_Fcrit05_3_12, 3.4902948195
m07a_ex39k_Fcrit05_3_13,3.41053364463
m07a_ex39k_Fcrit10_3_12,2.60552492083
m07a_ex39k_b_x3,-134.47813615
m07a_ex39k_b_x5,2.29141366379
m07a_ex39_dw,2.42071994314
m07a_ex39_rho,-0.310630652628
m07a_ex39_2um_rho,2.62126130526
m07a_ex39_dw_borda,0.20054136212
m07a_ex39_dw_p_pos,0.446477915348
m07a_ex39_dw_p_neg,0.553522084652
m07a_ex39_dw_p_bi,0.892955830697
m07a_ex39_dw_media_H0,2.46042557985
m07a_ex39_dL01,0.435386600003
m07a_ex39_dU01,1.89861403276
m07a_ex39_dL05,0.614236326248
m07a_ex39_dU05,2.15515825509
m07a_ex39_dL10,0.72432676262
m07a_ex39_dU10,2.30075077129
m07a_ex39_bg1_LM,2.00248643879
m07a_ex39_bg1_pLM,0.157041412617
m07a_ex39_bg1_F,1.28754138157
m07a_ex39_bg1_pF,0.285817669438
m07a_ex39_bg2_LM,7.02993859981
m07a_ex39_bg2_pLM,0.0297487162285
m07a_ex39_bg2_F,3.13484525297
m07a_ex39_bg2_pF,0.0987874403246
m07a_ex39_bg3_LM,10.3635461758
m07a_ex39_bg3_pLM,0.0157156949365
m07a_ex39_bg3_F,4.29021659683
m07a_ex39_bg3_pF,0.0514286318672
m07a_ex39_bg3_lag1,-1.28339762574
m07a_ex39_bg3_lag2,-1.45668964447
m07a_ex39_bg3_lag3,-0.632238091778
m07a_ex39_bg3_r2aux,0.64772163599
m07a_ex39_chi2crit10_1, 2.7055434541
m07a_ex39_chi2crit10_2,4.60517018599
m07a_ex39_white_full_npar,           21
m07a_ex39_white_full_posto,           16
m07a_ex39_white_lq_LM,14.0093039876
m07a_ex39_white_lq_p,0.172567647095
m07a_ex39_white_lq_F,3.51869494405
m07a_ex39_white_lq_pF,0.0887377637931
m07a_ex39_white_lq_r2,0.875581499228
m07a_ex39_chi2crit10_10,15.9871791721
m07a_ex39_white_q_LM,5.64952816917
m07a_ex39_white_q_p,0.34182796173
m07a_ex39_white_q_F,1.09164649912
m07a_ex39_white_q_pF,0.421765519417
m07a_ex39_white_q_r2,0.353095510573
m07a_ex39_chi2crit10_5,9.23635689978
m07a_ex39_white_q_bp_orig,6.07768273439
m07a_ex39_white_esp_LM,1.92746255826
m07a_ex39_white_esp_p,0.381466867831
m07a_ex39_jb,0.499271008619
m07a_ex39_jb_p,0.779084704342
m07a_ex39_chi2crit10_2b,4.60517018599
m07a_ex74_b_const,0.415842427023
m07a_ex74_se_const,0.0993371784482
m07a_ex74_t_const,4.18617111457
m07a_ex74_p_const,3.33241819573e-05
m07a_ex74_b_educ,0.0798322098402
m07a_ex74_se_educ,0.00682725232216
m07a_ex74_t_educ,11.6931682137
m07a_ex74_p_educ,3.36678585123e-28
m07a_ex74_b_exper,0.0300995175105
m07a_ex74_se_exper,0.00519312695064
m07a_ex74_t_exper, 5.7960295977
m07a_ex74_p_exper,1.17954580763e-08
m07a_ex74_b_expersq,-0.000601152815465
m07a_ex74_se_expersq,0.000109869022395
m07a_ex74_t_expersq,-5.4715405886
m07a_ex74_p_expersq,6.95135923974e-08
m07a_ex74_b_tenure,0.0160738788175
m07a_ex74_se_tenure,0.00288013135027
m07a_ex74_t_tenure,5.58095338812
m07a_ex74_p_tenure,3.85866529063e-08
m07a_ex74_b_female,-0.29113027369
m07a_ex74_se_female,0.0362831831514
m07a_ex74_t_female,-8.02383496716
m07a_ex74_p_female,6.8769580692e-15
m07a_ex74_b_married,0.0564493996407
m07a_ex74_se_married,0.040925933759
m07a_ex74_t_married,1.37930633356
m07a_ex74_p_married,0.168394366811
m07a_ex74_n,          526
m07a_ex74_r2,0.436136787406
m07a_ex74_r2adj,0.429618137549
m07a_ex74_s,0.401436942486
m07a_ex74_F,66.9060000155
m07a_ex74_ybar,1.62326844456
m07a_ex74_media_educ,12.5627376426
m07a_ex74_media_exper,17.0171102662
m07a_ex74_media_female,0.479087452471
m07a_ex74_media_married,0.608365019011
m07a_ex74_media_wage,5.89610267479
m07a_ex74_exper_max,25.0348303594
m07a_ex74_ef_exper_media,0.00963975001536
m07a_ex74_female_exato,-25.2581697265
m07a_ex74_educ_exato, 8.3105318013
m07a_ex74_pct_exper_acima_max,26.8060836502
m07a_ex74_z05,1.95996398454
m07a_ex74_Fexp,16.8011942058
m07a_ex74_pFexp,8.50782895412e-08
m07a_ex74_reset_F,7.02910682179
m07a_ex74_reset_p,0.000972892186079
m07a_ex74_bp,17.0234654233
m07a_ex74_bp_p,0.00919739121701
m07a_ex74_white_esp,5.14626972303
m07a_ex74_white_esp_p,0.0762959927666
m07a_ex74_jb,26.0348922436
m07a_ex74_jb_p,2.22123741811e-06
m07a_ex74_fiv_exper,16.1837971364
m07a_ex74_fiv_expersq,14.9244970152
m07a_ex74_chi2crit05_6,12.5915872437
m07a_ex74_serob_const,0.106587518669
m07a_ex74_trob_const,3.90141765392
m07a_ex74_serob_educ,0.00765427759476
m07a_ex74_trob_educ,10.4297510577
m07a_ex74_serob_exper,0.00488330907726
m07a_ex74_trob_exper,6.16375433837
m07a_ex74_serob_expersq,0.000101850254531
m07a_ex74_trob_expersq,-5.9023202076
m07a_ex74_serob_tenure,0.00348397703955
m07a_ex74_trob_tenure,4.61365807956
m07a_ex74_serob_female,0.0368678426903
m07a_ex74_trob_female,-7.8965909705
m07a_ex74_serob_married,0.0417019435906
m07a_ex74_trob_married,1.35363953764
m07a_ex74_prob_married,0.17644060489
m07a_ex74e2_r2adj,0.452534612963
m07a_ex74e2_b_tenursq,-0.000533142477205
m07a_ex74e2_p_tenursq,0.0215306197962
m07a_ex74e2_b_married,0.212675680432
m07a_ex74e2_p_married,0.000137270079076
m07a_ex74e2_b_fem,-0.110350211862
m07a_ex74e2_b_int,-0.300593072827
m07a_ex74e2_p_int,3.30208509911e-05
m07a_ex74e2_reset_F,6.22179078013
m07a_ex74e2_reset_p,0.00213815134894
m07a_ex74e2_Fvs1,11.8624682233
m07a_ex74e2_pFvs1,9.18134778848e-06
m07a_ex74e2_casar_mulher,-0.0879173923948
m07a_ex74e2_casar_mulher_p,0.0936636783061
m07a_ex74e2_tenure_max,27.2793128744
